bird_id,date_time
t3w0r,2019-04-08T09:02:08Z
t3w0r,2019-04-08T09:02:48Z
t3w0r,2019-04-08T09:03:08Z
t3w0r,2019-04-08T09:03:28Z
t3w0r,2019-04-08T09:03:48Z
j7F15,2019-04-08T09:04:06Z
t3w0r,2019-04-08T09:04:28Z
t3w0r,2019-04-08T09:05:49Z
t3w0r,2019-04-08T09:06:29Z
t3w0r,2019-04-08T09:06:49Z
c687e,2019-04-08T09:09:25Z
c687e,2019-04-08T09:09:45Z
c687e,2019-04-08T09:10:24Z
c687e,2019-04-08T09:10:44Z
j7F15,2019-04-08T09:10:52Z
f5NV7,2019-04-08T09:10:59Z
c687e,2019-04-08T09:11:03Z
j7F15,2019-04-08T09:11:12Z
t3w0r,2019-04-08T09:11:50Z
t3w0r,2019-04-08T09:12:10Z
t3w0r,2019-04-08T09:13:11Z
t3w0r,2019-04-08T09:13:31Z
t3w0r,2019-04-08T09:13:51Z
c687e,2019-04-08T09:13:59Z
t3w0r,2019-04-08T09:14:31Z
j7F15,2019-04-08T09:14:35Z
t3w0r,2019-04-08T09:14:51Z
j7F15,2019-04-08T09:14:56Z
c687e,2019-04-08T09:15:18Z
c687e,2019-04-08T09:15:38Z
c687e,2019-04-08T09:16:56Z
j7F15,2019-04-08T09:17:58Z
j7F15,2019-04-08T09:18:19Z
t3w0r,2019-04-08T09:18:52Z
t3w0r,2019-04-08T09:19:12Z
c687e,2019-04-08T09:19:13Z
t3w0r,2019-04-08T09:19:32Z
j7F15,2019-04-08T09:19:40Z
c687e,2019-04-08T09:19:52Z
c687e,2019-04-08T09:20:12Z
t3w0r,2019-04-08T09:20:13Z
c687e,2019-04-08T09:20:32Z
t3w0r,2019-04-08T09:20:33Z
t3w0r,2019-04-08T09:20:53Z
t3w0r,2019-04-08T09:21:13Z
c687e,2019-04-08T09:21:30Z
t3w0r,2019-04-08T09:21:33Z
t3w0r,2019-04-08T09:21:53Z
c687e,2019-04-08T09:22:29Z
t3w0r,2019-04-08T09:22:33Z
c687e,2019-04-08T09:23:08Z
j7F15,2019-04-08T09:23:23Z
c687e,2019-04-08T09:23:28Z
c687e,2019-04-08T09:23:48Z
t3w0r,2019-04-08T09:23:54Z
t3w0r,2019-04-08T09:24:14Z
t3w0r,2019-04-08T09:24:34Z
f5NV7,2019-04-08T09:24:59Z
c687e,2019-04-08T09:25:06Z
t3w0r,2019-04-08T09:25:14Z
f5NV7,2019-04-08T09:25:20Z
t3w0r,2019-04-08T09:25:34Z
t3w0r,2019-04-08T09:25:54Z
t3w0r,2019-04-08T09:26:34Z
t3w0r,2019-04-08T09:26:55Z
j7F15,2019-04-08T09:27:06Z
t3w0r,2019-04-08T09:27:15Z
c687e,2019-04-08T09:27:23Z
t3w0r,2019-04-08T09:27:35Z
t3w0r,2019-04-08T09:27:55Z
c687e,2019-04-08T09:28:02Z
j7F15,2019-04-08T09:28:07Z
t3w0r,2019-04-08T09:28:15Z
c687e,2019-04-08T09:29:01Z
j7F15,2019-04-08T09:30:09Z
c687e,2019-04-08T09:30:39Z
j7F15,2019-04-08T09:30:49Z
c687e,2019-04-08T09:30:59Z
c687e,2019-04-08T09:31:18Z
c687e,2019-04-08T09:31:38Z
c687e,2019-04-08T09:32:37Z
j7F15,2019-04-08T09:33:12Z
j7F15,2019-04-08T09:33:32Z
c687e,2019-04-08T09:33:35Z
c687e,2019-04-08T09:34:15Z
f5NV7,2019-04-08T09:35:20Z
f5NV7,2019-04-08T09:35:40Z
j7F15,2019-04-08T09:35:54Z
f5NV7,2019-04-08T09:35:59Z
f5NV7,2019-04-08T09:36:20Z
f5NV7,2019-04-08T09:36:40Z
c687e,2019-04-08T09:36:51Z
f5NV7,2019-04-08T09:36:59Z
f5NV7,2019-04-08T09:37:20Z
c687e,2019-04-08T09:37:31Z
j7F15,2019-04-08T09:37:35Z
f5NV7,2019-04-08T09:37:40Z
j7F15,2019-04-08T09:37:56Z
f5NV7,2019-04-08T09:37:59Z
f5NV7,2019-04-08T09:38:20Z
f5NV7,2019-04-08T09:38:40Z
f5NV7,2019-04-08T09:38:59Z
f5NV7,2019-04-08T09:39:20Z
f5NV7,2019-04-08T09:39:40Z
c687e,2019-04-08T09:39:48Z
t3w0r,2019-04-08T09:39:58Z
f5NV7,2019-04-08T09:39:59Z
f5NV7,2019-04-08T09:40:20Z
f5NV7,2019-04-08T09:40:40Z
f5NV7,2019-04-08T09:40:59Z
c687e,2019-04-08T09:41:26Z
c687e,2019-04-08T09:41:45Z
f5NV7,2019-04-08T09:41:59Z
c687e,2019-04-08T09:42:05Z
j7F15,2019-04-08T09:42:19Z
t3w0r,2019-04-08T09:42:39Z
j7F15,2019-04-08T09:42:59Z
c687e,2019-04-08T09:45:01Z
c687e,2019-04-08T09:45:40Z
j7F15,2019-04-08T09:46:23Z
c687e,2019-04-08T09:46:39Z
t3w0r,2019-04-08T09:46:40Z
j7F15,2019-04-08T09:47:44Z
t3w0r,2019-04-08T09:47:59Z
t3w0r,2019-04-08T09:48:20Z
t3w0r,2019-04-08T09:49:01Z
t3w0r,2019-04-08T09:49:21Z
t3w0r,2019-04-08T09:49:41Z
t3w0r,2019-04-08T09:50:01Z
c687e,2019-04-08T09:50:15Z
t3w0r,2019-04-08T09:50:21Z
j7F15,2019-04-08T09:50:27Z
t3w0r,2019-04-08T09:50:41Z
c687e,2019-04-08T09:50:54Z
t3w0r,2019-04-08T09:51:01Z
j7F15,2019-04-08T09:51:07Z
t3w0r,2019-04-08T09:51:21Z
t3w0r,2019-04-08T09:51:41Z
c687e,2019-04-08T09:51:53Z
t3w0r,2019-04-08T09:52:22Z
j7F15,2019-04-08T09:52:28Z
t3w0r,2019-04-08T09:52:42Z
t3w0r,2019-04-08T09:53:02Z
c687e,2019-04-08T09:53:11Z
t3w0r,2019-04-08T09:53:22Z
t3w0r,2019-04-08T09:53:42Z
j7F15,2019-04-08T09:53:49Z
c687e,2019-04-08T09:53:50Z
t3w0r,2019-04-08T09:55:02Z
t3w0r,2019-04-08T09:55:22Z
j7F15,2019-04-08T09:55:31Z
t3w0r,2019-04-08T09:56:23Z
j7F15,2019-04-08T09:56:32Z
j7F15,2019-04-08T09:56:52Z
j7F15,2019-04-08T09:57:12Z
j7F15,2019-04-08T09:58:13Z
t3w0r,2019-04-08T09:58:43Z
j7F15,2019-04-08T09:58:54Z
t3w0r,2019-04-08T09:59:03Z
j7F15,2019-04-08T09:59:14Z
j7F15,2019-04-08T09:59:15Z
t3w0r,2019-04-08T09:59:24Z
t3w0r,2019-04-08T09:59:24Z
j7F15,2019-04-08T09:59:34Z
j7F15,2019-04-08T09:59:35Z
t3w0r,2019-04-08T09:59:44Z
t3w0r,2019-04-08T09:59:44Z
j7F15,2019-04-08T09:59:55Z
j7F15,2019-04-08T09:59:56Z
t3w0r,2019-04-08T10:01:04Z
j7F15,2019-04-08T10:01:16Z
j7F15,2019-04-08T10:01:36Z
t3w0r,2019-04-08T10:01:44Z
j7F15,2019-04-08T10:01:56Z
j7F15,2019-04-08T10:02:17Z
j7F15,2019-04-08T10:02:57Z
j7F15,2019-04-08T10:03:18Z
j7F15,2019-04-08T10:03:38Z
j7F15,2019-04-08T10:03:58Z
t3w0r,2019-04-08T10:04:05Z
j7F15,2019-04-08T10:04:19Z
j7F15,2019-04-08T10:04:39Z
t3w0r,2019-04-08T10:05:05Z
t3w0r,2019-04-08T10:05:25Z
t3w0r,2019-04-08T10:05:45Z
t3w0r,2019-04-08T10:06:05Z
t3w0r,2019-04-08T10:06:25Z
t3w0r,2019-04-08T10:06:46Z
t3w0r,2019-04-08T10:07:46Z
t3w0r,2019-04-08T10:08:06Z
t3w0r,2019-04-08T10:08:46Z
j7F15,2019-04-08T10:09:03Z
t3w0r,2019-04-08T10:09:06Z
t3w0r,2019-04-08T10:09:26Z
j7F15,2019-04-08T10:10:44Z
t3w0r,2019-04-08T10:12:07Z
j7F15,2019-04-08T10:12:26Z
t3w0r,2019-04-08T10:12:27Z
t3w0r,2019-04-08T10:12:47Z
t3w0r,2019-04-08T10:13:27Z
j7F15,2019-04-08T10:13:47Z
t3w0r,2019-04-08T10:14:08Z
j7F15,2019-04-08T10:14:27Z
t3w0r,2019-04-08T10:14:28Z
t3w0r,2019-04-08T10:15:08Z
j7F15,2019-04-08T10:15:08Z
t3w0r,2019-04-08T10:15:28Z
j7F15,2019-04-08T10:15:28Z
t3w0r,2019-04-08T10:15:48Z
t3w0r,2019-04-08T10:16:08Z
j7F15,2019-04-08T10:16:09Z
t3w0r,2019-04-08T10:16:28Z
t3w0r,2019-04-08T10:16:48Z
t3w0r,2019-04-08T10:17:08Z
j7F15,2019-04-08T10:17:30Z
j7F15,2019-04-08T10:17:50Z
t3w0r,2019-04-08T10:18:09Z
j7F15,2019-04-08T10:18:11Z
t3w0r,2019-04-08T10:18:49Z
j7F15,2019-04-08T10:18:51Z
t3w0r,2019-04-08T10:19:09Z
j7F15,2019-04-08T10:19:11Z
t3w0r,2019-04-08T10:19:29Z
j7F15,2019-04-08T10:19:32Z
t3w0r,2019-04-08T10:19:49Z
j7F15,2019-04-08T10:19:52Z
t3w0r,2019-04-08T10:20:09Z
j7F15,2019-04-08T10:20:12Z
t3w0r,2019-04-08T10:20:29Z
j7F15,2019-04-08T10:20:33Z
t3w0r,2019-04-08T10:20:49Z
j7F15,2019-04-08T10:20:53Z
j7F15,2019-04-08T10:21:13Z
j7F15,2019-04-08T10:21:33Z
j7F15,2019-04-08T10:21:54Z
j7F15,2019-04-08T10:22:14Z
t3w0r,2019-04-08T10:22:50Z
t3w0r,2019-04-08T10:23:10Z
j7F15,2019-04-08T10:23:15Z
t3w0r,2019-04-08T10:23:30Z
j7F15,2019-04-08T10:23:35Z
t3w0r,2019-04-08T10:25:31Z
bvGx3,2019-04-08T10:25:34Z
bvGx3,2019-04-08T10:25:54Z
t3w0r,2019-04-08T10:26:11Z
bvGx3,2019-04-08T10:26:14Z
t3w0r,2019-04-08T10:26:31Z
bvGx3,2019-04-08T10:26:33Z
bvGx3,2019-04-08T10:26:53Z
t3w0r,2019-04-08T10:27:11Z
bvGx3,2019-04-08T10:27:13Z
t3w0r,2019-04-08T10:27:31Z
bvGx3,2019-04-08T10:27:33Z
t3w0r,2019-04-08T10:27:51Z
bvGx3,2019-04-08T10:27:53Z
t3w0r,2019-04-08T10:28:12Z
bvGx3,2019-04-08T10:28:13Z
t3w0r,2019-04-08T10:28:32Z
bvGx3,2019-04-08T10:28:33Z
t3w0r,2019-04-08T10:28:52Z
bvGx3,2019-04-08T10:28:53Z
t3w0r,2019-04-08T10:29:12Z
bvGx3,2019-04-08T10:29:13Z
t3w0r,2019-04-08T10:29:32Z
bvGx3,2019-04-08T10:29:33Z
bvGx3,2019-04-08T10:29:52Z
t3w0r,2019-04-08T10:30:12Z
bvGx3,2019-04-08T10:30:12Z
t3w0r,2019-04-08T10:30:32Z
bvGx3,2019-04-08T10:30:32Z
t3w0r,2019-04-08T10:30:52Z
bvGx3,2019-04-08T10:30:52Z
t3w0r,2019-04-08T10:31:12Z
bvGx3,2019-04-08T10:31:12Z
t3w0r,2019-04-08T10:31:32Z
bvGx3,2019-04-08T10:31:32Z
bvGx3,2019-04-08T10:31:52Z
t3w0r,2019-04-08T10:31:53Z
bvGx3,2019-04-08T10:32:12Z
t3w0r,2019-04-08T10:32:13Z
bvGx3,2019-04-08T10:32:32Z
t3w0r,2019-04-08T10:32:33Z
j7F15,2019-04-08T10:32:43Z
bvGx3,2019-04-08T10:32:51Z
t3w0r,2019-04-08T10:32:53Z
bvGx3,2019-04-08T10:33:11Z
bvGx3,2019-04-08T10:33:31Z
j7F15,2019-04-08T10:33:44Z
bvGx3,2019-04-08T10:33:51Z
t3w0r,2019-04-08T10:33:53Z
t3w0r,2019-04-08T10:34:13Z
t3w0r,2019-04-08T10:34:33Z
bvGx3,2019-04-08T10:34:51Z
t3w0r,2019-04-08T10:34:53Z
t3w0r,2019-04-08T10:35:13Z
j7F15,2019-04-08T10:35:26Z
t3w0r,2019-04-08T10:35:34Z
j7F15,2019-04-08T10:35:46Z
j7F15,2019-04-08T10:36:06Z
t3w0r,2019-04-08T10:36:14Z
j7F15,2019-04-08T10:36:26Z
t3w0r,2019-04-08T10:36:34Z
f5NV7,2019-04-08T10:36:39Z
t3w0r,2019-04-08T10:36:54Z
t3w0r,2019-04-08T10:37:14Z
t3w0r,2019-04-08T10:37:34Z
f5NV7,2019-04-08T10:37:39Z
t3w0r,2019-04-08T10:37:54Z
f5NV7,2019-04-08T10:37:59Z
f5NV7,2019-04-08T10:38:19Z
t3w0r,2019-04-08T10:38:34Z
t3w0r,2019-04-08T10:38:54Z
t3w0r,2019-04-08T10:39:15Z
t3w0r,2019-04-08T10:39:35Z
f5NV7,2019-04-08T10:39:59Z
t3w0r,2019-04-08T10:40:15Z
f5NV7,2019-04-08T10:40:59Z
j7F15,2019-04-08T10:41:10Z
j7F15,2019-04-08T10:41:31Z
f5NV7,2019-04-08T10:42:59Z
t3w0r,2019-04-08T10:43:16Z
f5NV7,2019-04-08T10:43:19Z
f5NV7,2019-04-08T10:43:39Z
t3w0r,2019-04-08T10:43:56Z
t3w0r,2019-04-08T10:44:16Z
f5NV7,2019-04-08T10:44:19Z
t3w0r,2019-04-08T10:44:56Z
f5NV7,2019-04-08T10:45:39Z
f5NV7,2019-04-08T10:45:59Z
t3w0r,2019-04-08T10:46:17Z
j7F15,2019-04-08T10:46:55Z
bvGx3,2019-04-08T10:47:27Z
bvGx3,2019-04-08T10:47:47Z
j7F15,2019-04-08T10:47:56Z
f5NV7,2019-04-08T10:47:59Z
bvGx3,2019-04-08T10:48:07Z
bvGx3,2019-04-08T10:48:27Z
j7F15,2019-04-08T10:48:37Z
bvGx3,2019-04-08T10:48:46Z
bvGx3,2019-04-08T10:49:06Z
j7F15,2019-04-08T10:49:18Z
bvGx3,2019-04-08T10:49:26Z
j7F15,2019-04-08T10:49:38Z
bvGx3,2019-04-08T10:49:46Z
j7F15,2019-04-08T10:49:58Z
t3w0r,2019-04-08T10:50:18Z
j7F15,2019-04-08T10:50:18Z
f5NV7,2019-04-08T10:50:19Z
j7F15,2019-04-08T10:50:39Z
f5NV7,2019-04-08T10:50:39Z
j7F15,2019-04-08T10:50:59Z
j7F15,2019-04-08T10:51:19Z
j7F15,2019-04-08T10:51:40Z
t3w0r,2019-04-08T10:51:58Z
j7F15,2019-04-08T10:51:59Z
f5NV7,2019-04-08T10:52:19Z
j7F15,2019-04-08T10:52:20Z
f5NV7,2019-04-08T10:52:39Z
j7F15,2019-04-08T10:52:40Z
f5NV7,2019-04-08T10:52:59Z
j7F15,2019-04-08T10:53:01Z
f5NV7,2019-04-08T10:53:19Z
j7F15,2019-04-08T10:53:21Z
j7F15,2019-04-08T10:53:41Z
j7F15,2019-04-08T10:54:02Z
j7F15,2019-04-08T10:54:22Z
j7F15,2019-04-08T10:54:42Z
j7F15,2019-04-08T10:55:23Z
j7F15,2019-04-08T10:55:43Z
j7F15,2019-04-08T10:56:03Z
bvGx3,2019-04-08T10:56:24Z
t3w0r,2019-04-08T10:56:39Z
bvGx3,2019-04-08T10:56:44Z
bvGx3,2019-04-08T10:57:04Z
j7F15,2019-04-08T10:57:25Z
j7F15,2019-04-08T10:57:45Z
t3w0r,2019-04-08T10:57:59Z
j7F15,2019-04-08T10:58:05Z
t3w0r,2019-04-08T10:58:20Z
j7F15,2019-04-08T10:59:06Z
j7F15,2019-04-08T10:59:07Z
t3w0r,2019-04-08T10:59:20Z
j7F15,2019-04-08T10:59:27Z
f5NV7,2019-04-08T10:59:39Z
t3w0r,2019-04-08T10:59:40Z
j7F15,2019-04-08T10:59:47Z
j7F15,2019-04-08T10:59:47Z
t3w0r,2019-04-08T10:59:59Z
f5NV7,2019-04-08T10:59:59Z
bvGx3,2019-04-08T11:01:03Z
j7F15,2019-04-08T11:01:08Z
f5NV7,2019-04-08T11:01:19Z
j7F15,2019-04-08T11:01:28Z
f5NV7,2019-04-08T11:01:39Z
j7F15,2019-04-08T11:01:48Z
f5NV7,2019-04-08T11:01:59Z
j7F15,2019-04-08T11:02:09Z
f5NV7,2019-04-08T11:02:19Z
j7F15,2019-04-08T11:02:29Z
j7F15,2019-04-08T11:02:49Z
j7F15,2019-04-08T11:03:30Z
j7F15,2019-04-08T11:03:50Z
t3w0r,2019-04-08T11:05:22Z
t3w0r,2019-04-08T11:05:42Z
j7F15,2019-04-08T11:05:52Z
j7F15,2019-04-08T11:06:12Z
j7F15,2019-04-08T11:06:32Z
t3w0r,2019-04-08T11:06:42Z
t3w0r,2019-04-08T11:08:43Z
bvGx3,2019-04-08T11:13:58Z
bvGx3,2019-04-08T11:14:18Z
bvGx3,2019-04-08T11:14:38Z
bvGx3,2019-04-08T11:14:58Z
bvGx3,2019-04-08T11:15:18Z
bvGx3,2019-04-08T11:15:38Z
bvGx3,2019-04-08T11:15:58Z
f5NV7,2019-04-08T11:15:59Z
bvGx3,2019-04-08T11:16:18Z
f5NV7,2019-04-08T11:16:19Z
bvGx3,2019-04-08T11:16:38Z
f5NV7,2019-04-08T11:16:39Z
bvGx3,2019-04-08T11:16:57Z
bvGx3,2019-04-08T11:17:17Z
bvGx3,2019-04-08T11:17:37Z
f5NV7,2019-04-08T11:17:39Z
j7F15,2019-04-08T11:18:02Z
j7F15,2019-04-08T11:18:23Z
j7F15,2019-04-08T11:18:43Z
j7F15,2019-04-08T11:19:03Z
f5NV7,2019-04-08T11:19:19Z
j7F15,2019-04-08T11:19:24Z
f5NV7,2019-04-08T11:19:39Z
j7F15,2019-04-08T11:19:44Z
j7F15,2019-04-08T11:20:04Z
f5NV7,2019-04-08T11:20:19Z
j7F15,2019-04-08T11:20:25Z
f5NV7,2019-04-08T11:20:39Z
t3w0r,2019-04-08T11:20:46Z
f5NV7,2019-04-08T11:20:59Z
t3w0r,2019-04-08T11:21:06Z
j7F15,2019-04-08T11:21:25Z
t3w0r,2019-04-08T11:21:46Z
j7F15,2019-04-08T11:21:46Z
f5NV7,2019-04-08T11:21:59Z
f5NV7,2019-04-08T11:22:19Z
t3w0r,2019-04-08T11:22:27Z
f5NV7,2019-04-08T11:22:39Z
f5NV7,2019-04-08T11:22:59Z
t3w0r,2019-04-08T11:23:07Z
j7F15,2019-04-08T11:23:47Z
j7F15,2019-04-08T11:24:28Z
f5NV7,2019-04-08T11:25:18Z
t3w0r,2019-04-08T11:25:27Z
f5NV7,2019-04-08T11:25:58Z
t3w0r,2019-04-08T11:26:08Z
t3w0r,2019-04-08T11:26:28Z
f5NV7,2019-04-08T11:26:38Z
t3w0r,2019-04-08T11:26:48Z
f5NV7,2019-04-08T11:26:58Z
t3w0r,2019-04-08T11:27:08Z
j7F15,2019-04-08T11:27:10Z
f5NV7,2019-04-08T11:27:18Z
t3w0r,2019-04-08T11:27:28Z
f5NV7,2019-04-08T11:27:38Z
t3w0r,2019-04-08T11:27:48Z
f5NV7,2019-04-08T11:27:58Z
t3w0r,2019-04-08T11:28:08Z
f5NV7,2019-04-08T11:28:18Z
f5NV7,2019-04-08T11:28:38Z
f5NV7,2019-04-08T11:28:58Z
f5NV7,2019-04-08T11:29:38Z
j7F15,2019-04-08T11:29:53Z
f5NV7,2019-04-08T11:29:58Z
j7F15,2019-04-08T11:30:13Z
j7F15,2019-04-08T11:30:54Z
f5NV7,2019-04-08T11:30:58Z
t3w0r,2019-04-08T11:31:09Z
j7F15,2019-04-08T11:31:14Z
f5NV7,2019-04-08T11:31:18Z
j7F15,2019-04-08T11:31:54Z
f5NV7,2019-04-08T11:31:58Z
f5NV7,2019-04-08T11:32:18Z
j7F15,2019-04-08T11:32:35Z
f5NV7,2019-04-08T11:32:38Z
j7F15,2019-04-08T11:32:55Z
f5NV7,2019-04-08T11:32:58Z
j7F15,2019-04-08T11:33:16Z
f5NV7,2019-04-08T11:33:18Z
j7F15,2019-04-08T11:33:36Z
f5NV7,2019-04-08T11:33:38Z
j7F15,2019-04-08T11:33:56Z
f5NV7,2019-04-08T11:33:58Z
f5NV7,2019-04-08T11:34:18Z
j7F15,2019-04-08T11:34:37Z
f5NV7,2019-04-08T11:34:38Z
j7F15,2019-04-08T11:34:57Z
f5NV7,2019-04-08T11:34:58Z
f5NV7,2019-04-08T11:35:18Z
j7F15,2019-04-08T11:36:18Z
f5NV7,2019-04-08T11:36:38Z
j7F15,2019-04-08T11:36:39Z
f5NV7,2019-04-08T11:36:58Z
j7F15,2019-04-08T11:36:59Z
f5NV7,2019-04-08T11:37:18Z
j7F15,2019-04-08T11:37:19Z
f5NV7,2019-04-08T11:37:38Z
j7F15,2019-04-08T11:37:39Z
j7F15,2019-04-08T11:37:59Z
f5NV7,2019-04-08T11:38:18Z
j7F15,2019-04-08T11:38:20Z
f5NV7,2019-04-08T11:38:38Z
j7F15,2019-04-08T11:38:40Z
f5NV7,2019-04-08T11:38:58Z
j7F15,2019-04-08T11:39:01Z
f5NV7,2019-04-08T11:40:38Z
f5NV7,2019-04-08T11:40:58Z
f5NV7,2019-04-08T11:41:18Z
f5NV7,2019-04-08T11:41:38Z
f5NV7,2019-04-08T11:41:58Z
t3w0r,2019-04-08T11:42:12Z
f5NV7,2019-04-08T11:42:18Z
f5NV7,2019-04-08T11:42:38Z
f5NV7,2019-04-08T11:42:58Z
f5NV7,2019-04-08T11:43:18Z
bvGx3,2019-04-08T11:43:29Z
j7F15,2019-04-08T11:43:45Z
bvGx3,2019-04-08T11:43:49Z
j7F15,2019-04-08T11:44:05Z
bvGx3,2019-04-08T11:44:09Z
j7F15,2019-04-08T11:44:25Z
bvGx3,2019-04-08T11:44:29Z
j7F15,2019-04-08T11:44:46Z
bvGx3,2019-04-08T11:44:49Z
f5NV7,2019-04-08T11:44:58Z
j7F15,2019-04-08T11:45:06Z
bvGx3,2019-04-08T11:45:09Z
j7F15,2019-04-08T11:45:26Z
bvGx3,2019-04-08T11:45:28Z
bvGx3,2019-04-08T11:45:48Z
bvGx3,2019-04-08T11:46:08Z
t3w0r,2019-04-08T11:46:13Z
j7F15,2019-04-08T11:46:27Z
bvGx3,2019-04-08T11:46:28Z
bvGx3,2019-04-08T11:46:48Z
t3w0r,2019-04-08T11:46:53Z
bvGx3,2019-04-08T11:47:08Z
t3w0r,2019-04-08T11:47:13Z
f5NV7,2019-04-08T11:47:18Z
bvGx3,2019-04-08T11:47:28Z
t3w0r,2019-04-08T11:47:34Z
bvGx3,2019-04-08T11:47:48Z
t3w0r,2019-04-08T11:48:14Z
f5NV7,2019-04-08T11:48:38Z
bvGx3,2019-04-08T11:48:47Z
f5NV7,2019-04-08T11:48:58Z
bvGx3,2019-04-08T11:49:07Z
t3w0r,2019-04-08T11:49:14Z
bvGx3,2019-04-08T11:49:27Z
t3w0r,2019-04-08T11:49:34Z
f5NV7,2019-04-08T11:50:18Z
bvGx3,2019-04-08T11:50:27Z
bvGx3,2019-04-08T11:50:47Z
bvGx3,2019-04-08T11:51:07Z
bvGx3,2019-04-08T11:51:27Z
j7F15,2019-04-08T11:51:31Z
f5NV7,2019-04-08T11:51:38Z
bvGx3,2019-04-08T11:51:46Z
j7F15,2019-04-08T11:51:52Z
bvGx3,2019-04-08T11:52:06Z
j7F15,2019-04-08T11:52:12Z
bvGx3,2019-04-08T11:52:26Z
j7F15,2019-04-08T11:52:32Z
bvGx3,2019-04-08T11:52:46Z
j7F15,2019-04-08T11:52:53Z
bvGx3,2019-04-08T11:53:06Z
j7F15,2019-04-08T11:53:13Z
bvGx3,2019-04-08T11:53:26Z
j7F15,2019-04-08T11:53:33Z
f5NV7,2019-04-08T11:53:38Z
bvGx3,2019-04-08T11:53:46Z
j7F15,2019-04-08T11:53:54Z
f5NV7,2019-04-08T11:53:58Z
bvGx3,2019-04-08T11:54:06Z
j7F15,2019-04-08T11:54:14Z
bvGx3,2019-04-08T11:54:26Z
j7F15,2019-04-08T11:54:34Z
bvGx3,2019-04-08T11:54:45Z
j7F15,2019-04-08T11:54:54Z
j7F15,2019-04-08T11:55:15Z
j7F15,2019-04-08T11:55:35Z
j7F15,2019-04-08T11:55:55Z
bvGx3,2019-04-08T11:56:05Z
j7F15,2019-04-08T11:56:16Z
bvGx3,2019-04-08T11:56:25Z
bvGx3,2019-04-08T11:56:45Z
j7F15,2019-04-08T11:56:56Z
f5NV7,2019-04-08T11:56:58Z
bvGx3,2019-04-08T11:57:05Z
j7F15,2019-04-08T11:57:16Z
f5NV7,2019-04-08T11:57:18Z
j7F15,2019-04-08T11:57:37Z
f5NV7,2019-04-08T11:57:38Z
bvGx3,2019-04-08T11:57:45Z
j7F15,2019-04-08T11:57:57Z
f5NV7,2019-04-08T11:57:58Z
bvGx3,2019-04-08T11:58:04Z
j7F15,2019-04-08T11:58:17Z
bvGx3,2019-04-08T11:58:24Z
j7F15,2019-04-08T11:58:38Z
j7F15,2019-04-08T11:58:58Z
j7F15,2019-04-08T11:59:18Z
j7F15,2019-04-08T11:59:19Z
f5NV7,2019-04-08T11:59:38Z
j7F15,2019-04-08T11:59:39Z
j7F15,2019-04-08T11:59:39Z
j7F15,2019-04-08T11:59:59Z
j7F15,2019-04-08T11:59:59Z
j7F15,2019-04-08T12:01:20Z
j7F15,2019-04-08T12:01:40Z
j7F15,2019-04-08T12:02:01Z
j7F15,2019-04-08T12:02:21Z
bvGx3,2019-04-08T12:02:23Z
j7F15,2019-04-08T12:02:41Z
j7F15,2019-04-08T12:03:01Z
bvGx3,2019-04-08T12:03:03Z
j7F15,2019-04-08T12:03:22Z
j7F15,2019-04-08T12:03:42Z
j7F15,2019-04-08T12:04:02Z
f5NV7,2019-04-08T12:04:18Z
j7F15,2019-04-08T12:04:23Z
f5NV7,2019-04-08T12:04:38Z
j7F15,2019-04-08T12:04:43Z
f5NV7,2019-04-08T12:04:58Z
j7F15,2019-04-08T12:05:03Z
f5NV7,2019-04-08T12:05:18Z
j7F15,2019-04-08T12:05:24Z
f5NV7,2019-04-08T12:05:38Z
j7F15,2019-04-08T12:05:44Z
f5NV7,2019-04-08T12:05:58Z
j7F15,2019-04-08T12:06:04Z
f5NV7,2019-04-08T12:06:18Z
j7F15,2019-04-08T12:06:24Z
f5NV7,2019-04-08T12:06:38Z
j7F15,2019-04-08T12:06:45Z
f5NV7,2019-04-08T12:06:58Z
j7F15,2019-04-08T12:07:05Z
f5NV7,2019-04-08T12:07:18Z
j7F15,2019-04-08T12:07:25Z
f5NV7,2019-04-08T12:07:38Z
j7F15,2019-04-08T12:07:46Z
f5NV7,2019-04-08T12:07:58Z
j7F15,2019-04-08T12:08:06Z
f5NV7,2019-04-08T12:08:18Z
j7F15,2019-04-08T12:08:26Z
f5NV7,2019-04-08T12:08:38Z
f5NV7,2019-04-08T12:08:58Z
f5NV7,2019-04-08T12:09:18Z
f5NV7,2019-04-08T12:09:38Z
f5NV7,2019-04-08T12:09:58Z
f5NV7,2019-04-08T12:10:18Z
f5NV7,2019-04-08T12:10:38Z
f5NV7,2019-04-08T12:10:58Z
f5NV7,2019-04-08T12:11:18Z
f5NV7,2019-04-08T12:11:38Z
j7F15,2019-04-08T12:12:09Z
t3w0r,2019-04-08T12:12:20Z
bvGx3,2019-04-08T12:12:20Z
j7F15,2019-04-08T12:12:30Z
j7F15,2019-04-08T12:12:50Z
t3w0r,2019-04-08T12:13:01Z
j7F15,2019-04-08T12:13:10Z
bvGx3,2019-04-08T12:13:20Z
t3w0r,2019-04-08T12:13:21Z
j7F15,2019-04-08T12:13:31Z
j7F15,2019-04-08T12:13:51Z
t3w0r,2019-04-08T12:14:01Z
j7F15,2019-04-08T12:14:11Z
f5NV7,2019-04-08T12:14:18Z
t3w0r,2019-04-08T12:14:21Z
j7F15,2019-04-08T12:14:31Z
f5NV7,2019-04-08T12:14:38Z
bvGx3,2019-04-08T12:14:39Z
t3w0r,2019-04-08T12:14:41Z
j7F15,2019-04-08T12:14:52Z
f5NV7,2019-04-08T12:14:58Z
bvGx3,2019-04-08T12:14:59Z
t3w0r,2019-04-08T12:15:01Z
f5NV7,2019-04-08T12:15:18Z
f5NV7,2019-04-08T12:15:38Z
bvGx3,2019-04-08T12:15:39Z
t3w0r,2019-04-08T12:15:41Z
f5NV7,2019-04-08T12:15:58Z
bvGx3,2019-04-08T12:15:59Z
f5NV7,2019-04-08T12:16:18Z
bvGx3,2019-04-08T12:16:19Z
f5NV7,2019-04-08T12:16:38Z
t3w0r,2019-04-08T12:16:42Z
j7F15,2019-04-08T12:16:53Z
f5NV7,2019-04-08T12:16:58Z
f5NV7,2019-04-08T12:17:18Z
t3w0r,2019-04-08T12:17:22Z
bvGx3,2019-04-08T12:17:38Z
f5NV7,2019-04-08T12:17:38Z
t3w0r,2019-04-08T12:17:42Z
f5NV7,2019-04-08T12:17:58Z
f5NV7,2019-04-08T12:18:18Z
t3w0r,2019-04-08T12:18:22Z
bvGx3,2019-04-08T12:18:38Z
f5NV7,2019-04-08T12:18:38Z
t3w0r,2019-04-08T12:18:42Z
f5NV7,2019-04-08T12:18:58Z
bvGx3,2019-04-08T12:19:18Z
f5NV7,2019-04-08T12:19:18Z
t3w0r,2019-04-08T12:19:22Z
bvGx3,2019-04-08T12:19:38Z
f5NV7,2019-04-08T12:19:38Z
bvGx3,2019-04-08T12:19:57Z
f5NV7,2019-04-08T12:19:58Z
f5NV7,2019-04-08T12:20:18Z
t3w0r,2019-04-08T12:20:23Z
f5NV7,2019-04-08T12:20:38Z
f5NV7,2019-04-08T12:20:58Z
f5NV7,2019-04-08T12:21:18Z
bvGx3,2019-04-08T12:21:37Z
j7F15,2019-04-08T12:21:38Z
f5NV7,2019-04-08T12:21:38Z
f5NV7,2019-04-08T12:21:58Z
f5NV7,2019-04-08T12:22:18Z
t3w0r,2019-04-08T12:22:23Z
j7F15,2019-04-08T12:22:38Z
f5NV7,2019-04-08T12:22:38Z
f5NV7,2019-04-08T12:22:58Z
t3w0r,2019-04-08T12:23:03Z
f5NV7,2019-04-08T12:23:18Z
j7F15,2019-04-08T12:23:19Z
t3w0r,2019-04-08T12:23:23Z
f5NV7,2019-04-08T12:23:38Z
t3w0r,2019-04-08T12:23:44Z
f5NV7,2019-04-08T12:23:58Z
t3w0r,2019-04-08T12:24:04Z
f5NV7,2019-04-08T12:24:18Z
f5NV7,2019-04-08T12:24:38Z
t3w0r,2019-04-08T12:24:44Z
f5NV7,2019-04-08T12:24:58Z
t3w0r,2019-04-08T12:25:04Z
f5NV7,2019-04-08T12:25:18Z
f5NV7,2019-04-08T12:25:38Z
j7F15,2019-04-08T12:25:41Z
t3w0r,2019-04-08T12:25:44Z
f5NV7,2019-04-08T12:25:58Z
f5NV7,2019-04-08T12:26:18Z
j7F15,2019-04-08T12:26:22Z
t3w0r,2019-04-08T12:26:24Z
f5NV7,2019-04-08T12:26:38Z
f5NV7,2019-04-08T12:26:58Z
f5NV7,2019-04-08T12:27:18Z
j7F15,2019-04-08T12:27:23Z
f5NV7,2019-04-08T12:27:38Z
f5NV7,2019-04-08T12:27:58Z
f5NV7,2019-04-08T12:28:18Z
t3w0r,2019-04-08T12:28:25Z
f5NV7,2019-04-08T12:28:38Z
f5NV7,2019-04-08T12:29:18Z
f5NV7,2019-04-08T12:29:38Z
f5NV7,2019-04-08T12:29:58Z
j7F15,2019-04-08T12:30:05Z
f5NV7,2019-04-08T12:30:18Z
j7F15,2019-04-08T12:30:25Z
f5NV7,2019-04-08T12:30:38Z
j7F15,2019-04-08T12:30:46Z
f5NV7,2019-04-08T12:30:58Z
j7F15,2019-04-08T12:31:06Z
f5NV7,2019-04-08T12:31:18Z
j7F15,2019-04-08T12:31:26Z
j7F15,2019-04-08T12:31:46Z
f5NV7,2019-04-08T12:31:58Z
t3w0r,2019-04-08T12:32:06Z
j7F15,2019-04-08T12:32:07Z
t3w0r,2019-04-08T12:32:26Z
j7F15,2019-04-08T12:32:27Z
f5NV7,2019-04-08T12:32:37Z
t3w0r,2019-04-08T12:32:46Z
j7F15,2019-04-08T12:32:47Z
j7F15,2019-04-08T12:33:08Z
f5NV7,2019-04-08T12:33:17Z
t3w0r,2019-04-08T12:33:26Z
j7F15,2019-04-08T12:33:28Z
f5NV7,2019-04-08T12:33:37Z
t3w0r,2019-04-08T12:33:46Z
j7F15,2019-04-08T12:33:48Z
f5NV7,2019-04-08T12:33:57Z
t3w0r,2019-04-08T12:34:06Z
j7F15,2019-04-08T12:34:08Z
bvGx3,2019-04-08T12:34:13Z
t3w0r,2019-04-08T12:34:27Z
j7F15,2019-04-08T12:34:29Z
bvGx3,2019-04-08T12:34:33Z
f5NV7,2019-04-08T12:34:37Z
t3w0r,2019-04-08T12:34:47Z
bvGx3,2019-04-08T12:34:53Z
t3w0r,2019-04-08T12:35:07Z
j7F15,2019-04-08T12:35:09Z
bvGx3,2019-04-08T12:35:13Z
f5NV7,2019-04-08T12:35:17Z
t3w0r,2019-04-08T12:35:27Z
j7F15,2019-04-08T12:35:30Z
bvGx3,2019-04-08T12:35:33Z
t3w0r,2019-04-08T12:35:47Z
j7F15,2019-04-08T12:35:50Z
bvGx3,2019-04-08T12:35:52Z
j7F15,2019-04-08T12:36:10Z
bvGx3,2019-04-08T12:36:12Z
t3w0r,2019-04-08T12:36:27Z
j7F15,2019-04-08T12:36:31Z
bvGx3,2019-04-08T12:36:32Z
f5NV7,2019-04-08T12:36:37Z
t3w0r,2019-04-08T12:36:47Z
j7F15,2019-04-08T12:36:51Z
t3w0r,2019-04-08T12:37:07Z
j7F15,2019-04-08T12:37:11Z
bvGx3,2019-04-08T12:37:12Z
t3w0r,2019-04-08T12:37:27Z
j7F15,2019-04-08T12:37:31Z
bvGx3,2019-04-08T12:37:32Z
t3w0r,2019-04-08T12:37:47Z
bvGx3,2019-04-08T12:37:52Z
j7F15,2019-04-08T12:37:52Z
t3w0r,2019-04-08T12:38:08Z
bvGx3,2019-04-08T12:38:12Z
j7F15,2019-04-08T12:38:12Z
f5NV7,2019-04-08T12:38:17Z
t3w0r,2019-04-08T12:38:28Z
bvGx3,2019-04-08T12:38:32Z
j7F15,2019-04-08T12:38:32Z
t3w0r,2019-04-08T12:38:48Z
j7F15,2019-04-08T12:38:53Z
t3w0r,2019-04-08T12:39:08Z
j7F15,2019-04-08T12:39:13Z
t3w0r,2019-04-08T12:39:28Z
j7F15,2019-04-08T12:39:33Z
t3w0r,2019-04-08T12:39:48Z
j7F15,2019-04-08T12:39:53Z
t3w0r,2019-04-08T12:40:08Z
bvGx3,2019-04-08T12:40:11Z
j7F15,2019-04-08T12:40:14Z
t3w0r,2019-04-08T12:40:28Z
bvGx3,2019-04-08T12:40:31Z
j7F15,2019-04-08T12:40:34Z
j7F15,2019-04-08T12:40:54Z
f5NV7,2019-04-08T12:40:57Z
t3w0r,2019-04-08T12:41:08Z
bvGx3,2019-04-08T12:41:11Z
j7F15,2019-04-08T12:41:15Z
j7F15,2019-04-08T12:41:35Z
f5NV7,2019-04-08T12:41:57Z
bvGx3,2019-04-08T12:42:10Z
bvGx3,2019-04-08T12:42:50Z
t3w0r,2019-04-08T12:43:09Z
t3w0r,2019-04-08T12:43:29Z
bvGx3,2019-04-08T12:43:30Z
j7F15,2019-04-08T12:43:37Z
f5NV7,2019-04-08T12:43:37Z
t3w0r,2019-04-08T12:43:49Z
bvGx3,2019-04-08T12:43:50Z
j7F15,2019-04-08T12:43:57Z
f5NV7,2019-04-08T12:43:57Z
t3w0r,2019-04-08T12:44:09Z
bvGx3,2019-04-08T12:44:10Z
f5NV7,2019-04-08T12:44:17Z
t3w0r,2019-04-08T12:44:29Z
bvGx3,2019-04-08T12:44:30Z
f5NV7,2019-04-08T12:44:37Z
t3w0r,2019-04-08T12:44:49Z
t3w0r,2019-04-08T12:45:09Z
bvGx3,2019-04-08T12:45:09Z
bvGx3,2019-04-08T12:45:29Z
t3w0r,2019-04-08T12:45:30Z
bvGx3,2019-04-08T12:45:49Z
t3w0r,2019-04-08T12:45:50Z
t3w0r,2019-04-08T12:46:10Z
bvGx3,2019-04-08T12:46:29Z
t3w0r,2019-04-08T12:46:30Z
j7F15,2019-04-08T12:46:39Z
t3w0r,2019-04-08T12:46:50Z
f5NV7,2019-04-08T12:46:57Z
t3w0r,2019-04-08T12:47:10Z
f5NV7,2019-04-08T12:47:17Z
j7F15,2019-04-08T12:47:20Z
t3w0r,2019-04-08T12:47:30Z
t3w0r,2019-04-08T12:47:50Z
j7F15,2019-04-08T12:47:59Z
j7F15,2019-04-08T12:48:21Z
bvGx3,2019-04-08T12:48:28Z
bvGx3,2019-04-08T12:48:48Z
t3w0r,2019-04-08T12:49:11Z
j7F15,2019-04-08T12:49:22Z
bvGx3,2019-04-08T12:49:28Z
t3w0r,2019-04-08T12:49:31Z
j7F15,2019-04-08T12:49:42Z
bvGx3,2019-04-08T12:49:48Z
t3w0r,2019-04-08T12:49:51Z
j7F15,2019-04-08T12:50:02Z
bvGx3,2019-04-08T12:50:08Z
t3w0r,2019-04-08T12:50:11Z
j7F15,2019-04-08T12:50:23Z
bvGx3,2019-04-08T12:50:28Z
t3w0r,2019-04-08T12:50:31Z
j7F15,2019-04-08T12:51:03Z
bvGx3,2019-04-08T12:51:08Z
f5NV7,2019-04-08T12:51:17Z
bvGx3,2019-04-08T12:51:27Z
t3w0r,2019-04-08T12:51:31Z
f5NV7,2019-04-08T12:51:37Z
bvGx3,2019-04-08T12:51:47Z
t3w0r,2019-04-08T12:51:51Z
bvGx3,2019-04-08T12:52:07Z
t3w0r,2019-04-08T12:52:11Z
bvGx3,2019-04-08T12:52:27Z
t3w0r,2019-04-08T12:52:32Z
f5NV7,2019-04-08T12:52:37Z
bvGx3,2019-04-08T12:52:47Z
t3w0r,2019-04-08T12:52:52Z
f5NV7,2019-04-08T12:52:57Z
bvGx3,2019-04-08T12:53:07Z
f5NV7,2019-04-08T12:53:17Z
bvGx3,2019-04-08T12:53:27Z
bvGx3,2019-04-08T12:53:47Z
bvGx3,2019-04-08T12:54:27Z
bvGx3,2019-04-08T12:54:46Z
bvGx3,2019-04-08T12:55:06Z
bvGx3,2019-04-08T12:55:26Z
j7F15,2019-04-08T12:55:27Z
t3w0r,2019-04-08T12:55:52Z
f5NV7,2019-04-08T12:56:17Z
f5NV7,2019-04-08T12:57:57Z
bvGx3,2019-04-08T12:58:05Z
t3w0r,2019-04-08T12:58:13Z
f5NV7,2019-04-08T12:58:17Z
bvGx3,2019-04-08T12:58:25Z
f5NV7,2019-04-08T12:58:37Z
bvGx3,2019-04-08T12:58:45Z
j7F15,2019-04-08T12:58:50Z
t3w0r,2019-04-08T12:58:53Z
f5NV7,2019-04-08T12:58:57Z
bvGx3,2019-04-08T12:59:05Z
bvGx3,2019-04-08T12:59:05Z
j7F15,2019-04-08T12:59:10Z
j7F15,2019-04-08T12:59:11Z
t3w0r,2019-04-08T12:59:13Z
f5NV7,2019-04-08T12:59:17Z
bvGx3,2019-04-08T12:59:25Z
bvGx3,2019-04-08T12:59:25Z
j7F15,2019-04-08T12:59:30Z
t3w0r,2019-04-08T12:59:33Z
f5NV7,2019-04-08T12:59:37Z
bvGx3,2019-04-08T12:59:45Z
bvGx3,2019-04-08T12:59:45Z
j7F15,2019-04-08T12:59:51Z
t3w0r,2019-04-08T12:59:54Z
t3w0r,2019-04-08T12:59:54Z
f5NV7,2019-04-08T12:59:57Z
j7F15,2019-04-08T13:01:12Z
f5NV7,2019-04-08T13:01:17Z
bvGx3,2019-04-08T13:01:24Z
bvGx3,2019-04-08T13:01:44Z
j7F15,2019-04-08T13:01:53Z
bvGx3,2019-04-08T13:02:24Z
j7F15,2019-04-08T13:02:33Z
t3w0r,2019-04-08T13:02:34Z
bvGx3,2019-04-08T13:02:44Z
j7F15,2019-04-08T13:02:53Z
t3w0r,2019-04-08T13:02:54Z
bvGx3,2019-04-08T13:03:04Z
t3w0r,2019-04-08T13:03:15Z
bvGx3,2019-04-08T13:03:24Z
t3w0r,2019-04-08T13:03:35Z
bvGx3,2019-04-08T13:04:03Z
t3w0r,2019-04-08T13:04:15Z
bvGx3,2019-04-08T13:04:23Z
bvGx3,2019-04-08T13:04:43Z
t3w0r,2019-04-08T13:04:55Z
bvGx3,2019-04-08T13:05:03Z
t3w0r,2019-04-08T13:05:35Z
bvGx3,2019-04-08T13:05:43Z
t3w0r,2019-04-08T13:05:55Z
bvGx3,2019-04-08T13:06:03Z
t3w0r,2019-04-08T13:06:15Z
bvGx3,2019-04-08T13:06:23Z
t3w0r,2019-04-08T13:06:35Z
f5NV7,2019-04-08T13:06:37Z
bvGx3,2019-04-08T13:06:43Z
t3w0r,2019-04-08T13:07:36Z
f5NV7,2019-04-08T13:07:37Z
f5NV7,2019-04-08T13:07:57Z
f5NV7,2019-04-08T13:08:17Z
f5NV7,2019-04-08T13:08:37Z
f5NV7,2019-04-08T13:08:57Z
f5NV7,2019-04-08T13:09:17Z
f5NV7,2019-04-08T13:09:37Z
f5NV7,2019-04-08T13:09:57Z
f5NV7,2019-04-08T13:10:17Z
f5NV7,2019-04-08T13:10:37Z
f5NV7,2019-04-08T13:10:57Z
f5NV7,2019-04-08T13:11:17Z
f5NV7,2019-04-08T13:11:37Z
f5NV7,2019-04-08T13:11:57Z
t3w0r,2019-04-08T13:12:17Z
f5NV7,2019-04-08T13:12:17Z
t3w0r,2019-04-08T13:12:37Z
f5NV7,2019-04-08T13:12:37Z
t3w0r,2019-04-08T13:12:57Z
f5NV7,2019-04-08T13:12:57Z
t3w0r,2019-04-08T13:13:17Z
f5NV7,2019-04-08T13:13:17Z
t3w0r,2019-04-08T13:13:37Z
f5NV7,2019-04-08T13:13:37Z
t3w0r,2019-04-08T13:13:57Z
f5NV7,2019-04-08T13:13:57Z
f5NV7,2019-04-08T13:14:17Z
t3w0r,2019-04-08T13:14:18Z
t3w0r,2019-04-08T13:14:38Z
t3w0r,2019-04-08T13:14:58Z
t3w0r,2019-04-08T13:15:18Z
j7F15,2019-04-08T13:16:05Z
t3w0r,2019-04-08T13:16:18Z
j7F15,2019-04-08T13:16:25Z
j7F15,2019-04-08T13:16:45Z
f5NV7,2019-04-08T13:16:57Z
t3w0r,2019-04-08T13:16:58Z
bvGx3,2019-04-08T13:16:59Z
j7F15,2019-04-08T13:17:06Z
j7F15,2019-04-08T13:17:26Z
j7F15,2019-04-08T13:17:46Z
j7F15,2019-04-08T13:18:07Z
j7F15,2019-04-08T13:18:27Z
j7F15,2019-04-08T13:18:47Z
j7F15,2019-04-08T13:19:07Z
t3w0r,2019-04-08T13:19:19Z
t3w0r,2019-04-08T13:19:39Z
j7F15,2019-04-08T13:19:48Z
t3w0r,2019-04-08T13:19:59Z
j7F15,2019-04-08T13:20:08Z
t3w0r,2019-04-08T13:20:19Z
j7F15,2019-04-08T13:20:29Z
t3w0r,2019-04-08T13:20:39Z
j7F15,2019-04-08T13:20:49Z
t3w0r,2019-04-08T13:20:59Z
j7F15,2019-04-08T13:21:09Z
f5NV7,2019-04-08T13:21:17Z
t3w0r,2019-04-08T13:21:20Z
j7F15,2019-04-08T13:21:30Z
t3w0r,2019-04-08T13:21:40Z
j7F15,2019-04-08T13:21:50Z
t3w0r,2019-04-08T13:21:59Z
j7F15,2019-04-08T13:22:10Z
t3w0r,2019-04-08T13:22:20Z
j7F15,2019-04-08T13:22:30Z
j7F15,2019-04-08T13:22:51Z
t3w0r,2019-04-08T13:22:59Z
j7F15,2019-04-08T13:23:11Z
t3w0r,2019-04-08T13:23:20Z
j7F15,2019-04-08T13:23:31Z
t3w0r,2019-04-08T13:23:40Z
j7F15,2019-04-08T13:23:52Z
t3w0r,2019-04-08T13:23:59Z
j7F15,2019-04-08T13:24:12Z
t3w0r,2019-04-08T13:24:20Z
j7F15,2019-04-08T13:24:32Z
t3w0r,2019-04-08T13:24:40Z
j7F15,2019-04-08T13:24:52Z
t3w0r,2019-04-08T13:25:01Z
j7F15,2019-04-08T13:25:13Z
t3w0r,2019-04-08T13:25:21Z
j7F15,2019-04-08T13:25:33Z
t3w0r,2019-04-08T13:25:41Z
j7F15,2019-04-08T13:25:53Z
t3w0r,2019-04-08T13:26:01Z
j7F15,2019-04-08T13:26:14Z
t3w0r,2019-04-08T13:26:21Z
j7F15,2019-04-08T13:26:34Z
t3w0r,2019-04-08T13:26:41Z
j7F15,2019-04-08T13:26:54Z
t3w0r,2019-04-08T13:27:01Z
j7F15,2019-04-08T13:27:14Z
t3w0r,2019-04-08T13:27:21Z
j7F15,2019-04-08T13:27:35Z
t3w0r,2019-04-08T13:28:01Z
j7F15,2019-04-08T13:28:15Z
t3w0r,2019-04-08T13:28:21Z
j7F15,2019-04-08T13:28:36Z
t3w0r,2019-04-08T13:28:42Z
j7F15,2019-04-08T13:28:56Z
t3w0r,2019-04-08T13:29:02Z
j7F15,2019-04-08T13:29:16Z
t3w0r,2019-04-08T13:29:22Z
j7F15,2019-04-08T13:29:37Z
j7F15,2019-04-08T13:29:57Z
t3w0r,2019-04-08T13:30:02Z
j7F15,2019-04-08T13:30:17Z
j7F15,2019-04-08T13:30:37Z
t3w0r,2019-04-08T13:30:42Z
j7F15,2019-04-08T13:30:58Z
t3w0r,2019-04-08T13:31:02Z
j7F15,2019-04-08T13:31:18Z
t3w0r,2019-04-08T13:31:22Z
j7F15,2019-04-08T13:31:38Z
t3w0r,2019-04-08T13:31:42Z
j7F15,2019-04-08T13:31:59Z
t3w0r,2019-04-08T13:32:02Z
j7F15,2019-04-08T13:32:19Z
t3w0r,2019-04-08T13:32:23Z
j7F15,2019-04-08T13:32:39Z
f5NV7,2019-04-08T13:32:57Z
j7F15,2019-04-08T13:32:59Z
f5NV7,2019-04-08T13:33:17Z
j7F15,2019-04-08T13:33:20Z
f5NV7,2019-04-08T13:33:37Z
j7F15,2019-04-08T13:33:40Z
f5NV7,2019-04-08T13:33:57Z
j7F15,2019-04-08T13:33:59Z
f5NV7,2019-04-08T13:34:17Z
j7F15,2019-04-08T13:34:21Z
f5NV7,2019-04-08T13:34:37Z
j7F15,2019-04-08T13:34:41Z
f5NV7,2019-04-08T13:34:57Z
j7F15,2019-04-08T13:35:01Z
f5NV7,2019-04-08T13:35:17Z
j7F15,2019-04-08T13:35:22Z
f5NV7,2019-04-08T13:35:37Z
f5NV7,2019-04-08T13:35:57Z
j7F15,2019-04-08T13:36:02Z
f5NV7,2019-04-08T13:36:17Z
f5NV7,2019-04-08T13:36:37Z
f5NV7,2019-04-08T13:36:57Z
f5NV7,2019-04-08T13:37:17Z
f5NV7,2019-04-08T13:37:37Z
t3w0r,2019-04-08T13:37:44Z
f5NV7,2019-04-08T13:37:57Z
t3w0r,2019-04-08T13:38:04Z
f5NV7,2019-04-08T13:38:17Z
t3w0r,2019-04-08T13:38:24Z
f5NV7,2019-04-08T13:38:37Z
f5NV7,2019-04-08T13:38:56Z
t3w0r,2019-04-08T13:39:04Z
f5NV7,2019-04-08T13:39:16Z
f5NV7,2019-04-08T13:39:36Z
f5NV7,2019-04-08T13:39:56Z
f5NV7,2019-04-08T13:40:16Z
f5NV7,2019-04-08T13:40:36Z
f5NV7,2019-04-08T13:40:56Z
f5NV7,2019-04-08T13:41:16Z
f5NV7,2019-04-08T13:41:36Z
f5NV7,2019-04-08T13:41:56Z
f5NV7,2019-04-08T13:42:16Z
f5NV7,2019-04-08T13:42:36Z
f5NV7,2019-04-08T13:42:56Z
f5NV7,2019-04-08T13:43:16Z
f5NV7,2019-04-08T13:43:36Z
f5NV7,2019-04-08T13:43:56Z
f5NV7,2019-04-08T13:44:16Z
f5NV7,2019-04-08T13:44:36Z
f5NV7,2019-04-08T13:44:56Z
f5NV7,2019-04-08T13:45:16Z
f5NV7,2019-04-08T13:45:36Z
f5NV7,2019-04-08T13:45:56Z
f5NV7,2019-04-08T13:48:16Z
t3w0r,2019-04-08T13:48:27Z
t3w0r,2019-04-08T13:48:47Z
t3w0r,2019-04-08T13:49:07Z
t3w0r,2019-04-08T13:49:27Z
t3w0r,2019-04-08T13:49:47Z
t3w0r,2019-04-08T13:50:08Z
t3w0r,2019-04-08T13:50:28Z
t3w0r,2019-04-08T13:50:48Z
t3w0r,2019-04-08T13:51:28Z
t3w0r,2019-04-08T13:51:48Z
t3w0r,2019-04-08T13:52:08Z
t3w0r,2019-04-08T13:52:48Z
t3w0r,2019-04-08T13:53:08Z
t3w0r,2019-04-08T13:53:28Z
t3w0r,2019-04-08T13:53:49Z
t3w0r,2019-04-08T13:54:09Z
t3w0r,2019-04-08T13:54:29Z
t3w0r,2019-04-08T13:54:49Z
t3w0r,2019-04-08T13:55:09Z
t3w0r,2019-04-08T13:55:29Z
t3w0r,2019-04-08T13:55:49Z
f5NV7,2019-04-08T13:55:56Z
t3w0r,2019-04-08T13:56:09Z
f5NV7,2019-04-08T13:56:16Z
t3w0r,2019-04-08T13:56:29Z
t3w0r,2019-04-08T13:56:49Z
t3w0r,2019-04-08T13:57:09Z
t3w0r,2019-04-08T13:57:30Z
t3w0r,2019-04-08T14:01:11Z
f5NV7,2019-04-08T14:15:16Z
f5NV7,2019-04-08T14:15:36Z
f5NV7,2019-04-08T14:15:56Z
f5NV7,2019-04-08T14:16:16Z
f5NV7,2019-04-08T14:16:56Z
f5NV7,2019-04-08T14:17:56Z
t3w0r,2019-04-08T14:19:16Z
c687e,2019-04-08T14:19:21Z
t3w0r,2019-04-08T14:19:36Z
c687e,2019-04-08T14:19:59Z
c687e,2019-04-08T14:20:19Z
c687e,2019-04-08T14:20:39Z
c687e,2019-04-08T14:20:59Z
f5NV7,2019-04-08T14:21:16Z
c687e,2019-04-08T14:21:18Z
f5NV7,2019-04-08T14:21:36Z
c687e,2019-04-08T14:21:38Z
f5NV7,2019-04-08T14:21:56Z
c687e,2019-04-08T14:21:57Z
c687e,2019-04-08T14:22:17Z
c687e,2019-04-08T14:22:37Z
j7F15,2019-04-08T14:23:03Z
c687e,2019-04-08T14:23:16Z
f5NV7,2019-04-08T14:23:16Z
j7F15,2019-04-08T14:23:23Z
c687e,2019-04-08T14:23:35Z
f5NV7,2019-04-08T14:23:36Z
j7F15,2019-04-08T14:24:04Z
c687e,2019-04-08T14:24:15Z
j7F15,2019-04-08T14:24:24Z
c687e,2019-04-08T14:24:34Z
f5NV7,2019-04-08T14:24:36Z
j7F15,2019-04-08T14:24:44Z
c687e,2019-04-08T14:24:54Z
j7F15,2019-04-08T14:25:05Z
c687e,2019-04-08T14:25:13Z
j7F15,2019-04-08T14:25:25Z
c687e,2019-04-08T14:25:33Z
j7F15,2019-04-08T14:25:45Z
c687e,2019-04-08T14:25:53Z
j7F15,2019-04-08T14:26:06Z
j7F15,2019-04-08T14:26:26Z
j7F15,2019-04-08T14:26:46Z
t3w0r,2019-04-08T14:26:58Z
j7F15,2019-04-08T14:27:06Z
c687e,2019-04-08T14:27:11Z
f5NV7,2019-04-08T14:27:16Z
t3w0r,2019-04-08T14:27:18Z
j7F15,2019-04-08T14:27:27Z
c687e,2019-04-08T14:27:31Z
f5NV7,2019-04-08T14:27:36Z
t3w0r,2019-04-08T14:27:38Z
j7F15,2019-04-08T14:27:47Z
c687e,2019-04-08T14:27:50Z
f5NV7,2019-04-08T14:27:56Z
t3w0r,2019-04-08T14:27:58Z
j7F15,2019-04-08T14:28:07Z
f5NV7,2019-04-08T14:28:16Z
j7F15,2019-04-08T14:28:28Z
c687e,2019-04-08T14:28:29Z
f5NV7,2019-04-08T14:28:36Z
t3w0r,2019-04-08T14:28:38Z
j7F15,2019-04-08T14:28:48Z
c687e,2019-04-08T14:28:49Z
f5NV7,2019-04-08T14:28:56Z
t3w0r,2019-04-08T14:28:58Z
j7F15,2019-04-08T14:29:08Z
c687e,2019-04-08T14:29:09Z
f5NV7,2019-04-08T14:29:16Z
t3w0r,2019-04-08T14:29:18Z
j7F15,2019-04-08T14:29:28Z
c687e,2019-04-08T14:29:28Z
f5NV7,2019-04-08T14:29:36Z
t3w0r,2019-04-08T14:29:38Z
c687e,2019-04-08T14:29:48Z
j7F15,2019-04-08T14:29:49Z
f5NV7,2019-04-08T14:29:56Z
t3w0r,2019-04-08T14:29:59Z
c687e,2019-04-08T14:30:07Z
j7F15,2019-04-08T14:30:09Z
f5NV7,2019-04-08T14:30:16Z
t3w0r,2019-04-08T14:30:19Z
c687e,2019-04-08T14:30:27Z
j7F15,2019-04-08T14:30:29Z
f5NV7,2019-04-08T14:30:36Z
t3w0r,2019-04-08T14:30:39Z
c687e,2019-04-08T14:30:47Z
j7F15,2019-04-08T14:30:50Z
f5NV7,2019-04-08T14:30:56Z
j7F15,2019-04-08T14:31:10Z
f5NV7,2019-04-08T14:31:16Z
c687e,2019-04-08T14:31:26Z
j7F15,2019-04-08T14:31:30Z
f5NV7,2019-04-08T14:31:36Z
c687e,2019-04-08T14:31:45Z
j7F15,2019-04-08T14:31:51Z
f5NV7,2019-04-08T14:31:56Z
j7F15,2019-04-08T14:32:11Z
f5NV7,2019-04-08T14:32:16Z
c687e,2019-04-08T14:32:24Z
j7F15,2019-04-08T14:32:31Z
f5NV7,2019-04-08T14:32:36Z
c687e,2019-04-08T14:32:44Z
j7F15,2019-04-08T14:32:51Z
f5NV7,2019-04-08T14:32:56Z
c687e,2019-04-08T14:33:04Z
j7F15,2019-04-08T14:33:12Z
f5NV7,2019-04-08T14:33:16Z
j7F15,2019-04-08T14:33:32Z
f5NV7,2019-04-08T14:33:36Z
j7F15,2019-04-08T14:33:52Z
f5NV7,2019-04-08T14:33:56Z
j7F15,2019-04-08T14:34:13Z
f5NV7,2019-04-08T14:34:16Z
j7F15,2019-04-08T14:34:33Z
f5NV7,2019-04-08T14:34:36Z
t3w0r,2019-04-08T14:34:40Z
j7F15,2019-04-08T14:34:53Z
f5NV7,2019-04-08T14:34:56Z
t3w0r,2019-04-08T14:34:59Z
j7F15,2019-04-08T14:35:13Z
f5NV7,2019-04-08T14:35:16Z
t3w0r,2019-04-08T14:35:20Z
j7F15,2019-04-08T14:35:34Z
f5NV7,2019-04-08T14:35:36Z
t3w0r,2019-04-08T14:35:40Z
j7F15,2019-04-08T14:35:54Z
f5NV7,2019-04-08T14:35:56Z
t3w0r,2019-04-08T14:35:59Z
j7F15,2019-04-08T14:36:14Z
f5NV7,2019-04-08T14:36:16Z
t3w0r,2019-04-08T14:36:20Z
j7F15,2019-04-08T14:36:35Z
f5NV7,2019-04-08T14:36:36Z
t3w0r,2019-04-08T14:36:40Z
j7F15,2019-04-08T14:36:55Z
f5NV7,2019-04-08T14:36:56Z
t3w0r,2019-04-08T14:37:01Z
j7F15,2019-04-08T14:37:15Z
f5NV7,2019-04-08T14:37:16Z
t3w0r,2019-04-08T14:37:21Z
j7F15,2019-04-08T14:37:35Z
f5NV7,2019-04-08T14:37:36Z
t3w0r,2019-04-08T14:37:41Z
j7F15,2019-04-08T14:37:56Z
f5NV7,2019-04-08T14:37:56Z
t3w0r,2019-04-08T14:38:01Z
j7F15,2019-04-08T14:38:16Z
f5NV7,2019-04-08T14:38:16Z
t3w0r,2019-04-08T14:38:21Z
j7F15,2019-04-08T14:38:36Z
f5NV7,2019-04-08T14:38:36Z
t3w0r,2019-04-08T14:38:41Z
f5NV7,2019-04-08T14:38:56Z
j7F15,2019-04-08T14:38:57Z
t3w0r,2019-04-08T14:39:01Z
f5NV7,2019-04-08T14:39:16Z
j7F15,2019-04-08T14:39:17Z
t3w0r,2019-04-08T14:39:21Z
f5NV7,2019-04-08T14:39:36Z
j7F15,2019-04-08T14:39:37Z
f5NV7,2019-04-08T14:39:56Z
j7F15,2019-04-08T14:39:58Z
t3w0r,2019-04-08T14:40:01Z
f5NV7,2019-04-08T14:40:16Z
j7F15,2019-04-08T14:40:18Z
t3w0r,2019-04-08T14:40:21Z
f5NV7,2019-04-08T14:40:36Z
j7F15,2019-04-08T14:40:38Z
f5NV7,2019-04-08T14:40:56Z
j7F15,2019-04-08T14:40:58Z
t3w0r,2019-04-08T14:41:02Z
f5NV7,2019-04-08T14:41:16Z
j7F15,2019-04-08T14:41:19Z
t3w0r,2019-04-08T14:41:22Z
f5NV7,2019-04-08T14:41:36Z
j7F15,2019-04-08T14:41:39Z
f5NV7,2019-04-08T14:41:56Z
j7F15,2019-04-08T14:41:59Z
f5NV7,2019-04-08T14:42:16Z
j7F15,2019-04-08T14:42:20Z
t3w0r,2019-04-08T14:42:22Z
f5NV7,2019-04-08T14:42:36Z
j7F15,2019-04-08T14:42:40Z
t3w0r,2019-04-08T14:42:42Z
f5NV7,2019-04-08T14:42:56Z
j7F15,2019-04-08T14:42:59Z
f5NV7,2019-04-08T14:43:16Z
j7F15,2019-04-08T14:43:20Z
t3w0r,2019-04-08T14:43:22Z
f5NV7,2019-04-08T14:43:36Z
j7F15,2019-04-08T14:43:41Z
j7F15,2019-04-08T14:44:01Z
f5NV7,2019-04-08T14:44:16Z
j7F15,2019-04-08T14:44:21Z
f5NV7,2019-04-08T14:44:36Z
j7F15,2019-04-08T14:44:42Z
f5NV7,2019-04-08T14:44:56Z
j7F15,2019-04-08T14:45:02Z
f5NV7,2019-04-08T14:45:16Z
j7F15,2019-04-08T14:45:22Z
f5NV7,2019-04-08T14:45:36Z
j7F15,2019-04-08T14:45:43Z
f5NV7,2019-04-08T14:45:56Z
j7F15,2019-04-08T14:46:03Z
f5NV7,2019-04-08T14:46:16Z
j7F15,2019-04-08T14:46:23Z
f5NV7,2019-04-08T14:46:36Z
j7F15,2019-04-08T14:46:43Z
j7F15,2019-04-08T14:47:04Z
t3w0r,2019-04-08T14:47:23Z
j7F15,2019-04-08T14:47:24Z
f5NV7,2019-04-08T14:47:35Z
f5NV7,2019-04-08T14:47:55Z
t3w0r,2019-04-08T14:48:04Z
j7F15,2019-04-08T14:48:05Z
f5NV7,2019-04-08T14:48:15Z
t3w0r,2019-04-08T14:48:24Z
j7F15,2019-04-08T14:48:25Z
t3w0r,2019-04-08T14:48:44Z
j7F15,2019-04-08T14:48:45Z
f5NV7,2019-04-08T14:48:55Z
t3w0r,2019-04-08T14:49:04Z
j7F15,2019-04-08T14:49:05Z
f5NV7,2019-04-08T14:49:15Z
t3w0r,2019-04-08T14:49:24Z
j7F15,2019-04-08T14:49:26Z
t3w0r,2019-04-08T14:49:44Z
f5NV7,2019-04-08T14:50:55Z
f5NV7,2019-04-08T14:51:15Z
f5NV7,2019-04-08T14:51:35Z
j7F15,2019-04-08T14:51:48Z
j7F15,2019-04-08T14:52:28Z
j7F15,2019-04-08T14:52:49Z
j7F15,2019-04-08T14:53:09Z
j7F15,2019-04-08T14:53:29Z
f5NV7,2019-04-08T14:53:55Z
f5NV7,2019-04-08T14:54:35Z
f5NV7,2019-04-08T14:54:55Z
f5NV7,2019-04-08T14:55:15Z
j7F15,2019-04-08T14:55:51Z
c687e,2019-04-08T14:55:55Z
f5NV7,2019-04-08T14:55:55Z
c687e,2019-04-08T14:56:15Z
f5NV7,2019-04-08T14:56:15Z
c687e,2019-04-08T14:56:34Z
bvGx3,2019-04-08T14:56:48Z
f5NV7,2019-04-08T14:57:15Z
bvGx3,2019-04-08T14:57:27Z
bvGx3,2019-04-08T14:57:47Z
bvGx3,2019-04-08T14:58:07Z
f5NV7,2019-04-08T14:58:15Z
bvGx3,2019-04-08T14:58:27Z
c687e,2019-04-08T14:58:32Z
j7F15,2019-04-08T14:58:54Z
bvGx3,2019-04-08T14:59:07Z
bvGx3,2019-04-08T14:59:07Z
j7F15,2019-04-08T14:59:14Z
j7F15,2019-04-08T14:59:15Z
f5NV7,2019-04-08T14:59:15Z
f5NV7,2019-04-08T14:59:15Z
bvGx3,2019-04-08T14:59:27Z
bvGx3,2019-04-08T14:59:27Z
j7F15,2019-04-08T14:59:35Z
j7F15,2019-04-08T14:59:35Z
f5NV7,2019-04-08T14:59:35Z
bvGx3,2019-04-08T14:59:47Z
j7F15,2019-04-08T14:59:55Z
j7F15,2019-04-08T14:59:56Z
